name,height
Aarav,5.45
Deepika,5.61
Abhishek,5.65
Sneha,5.52
Kriti,5.69
Sneha,5.24
Deepika,5.92
Priya,5.16
Karan,5.68
Aarav,5.75
Karan,5.57
Aarav,5.7
Aarav,5.55
Aditi,5.37
Deepika,5.6
Nikhil,5.68
Tanvi,5.92
Priya,5.91
Aisha,5.77
Deepika,5.79
Ishaan,5.77
Kriti,5.79
Vivek,5.26
Tanvi,5.34
Deepika,4.99
Priya,5.81
Neha,4.86
Harshit,5.47
Faizal,4.83
Ishaan,5.75
Sara,6.13
Pooja,5.34
Sara,5.76
Ishaan,5.66
Sara,5.94
Sara,4.84
Neha,5.89
Aisha,5.65
Vivek,5.89
Faizal,5.31
Riya,5.86
Sneha,5.39
Sara,5.3
Ananya,5.97
Nikhil,5.4
Ananya,5.86
Ananya,5.39
Nikhil,5.61
Tanvi,5.41
Sara,5.43
Ananya,5.41
Arjun,5.23
Aarav,5.95
Kriti,5.33
Arjun,4.88
Mohammed,5.95
Faizal,6.02
Priya,5.21
Kriti,5.39
Priya,5.8
Riya,5.75
Harshit,5.51
Harshit,5.24
Rahul,5.58
Tanvi,4.65
Aisha,5.73
Ishaan,5.22
Aisha,5.39
Siddharth,5.97
Sneha,5.83
Riya,5.45
Tanvi,5.47
Arjun,5.77
Neha,4.97
Riya,5.64
Pooja,5.92
Aarav,5.47
Ananya,5.64
Harshit,6.12
Sneha,5.59
Aisha,5.42
Ananya,5.36
Ishaan,5.49
Vivek,6.29
Sara,5.89
Ishaan,5.92
Deepika,5.94
Ishaan,5.47
Aisha,5.52
Sara,5.67
Mohammed,5.51
Mohammed,5.79
Neha,5.98
Nikhil,5.67
Priya,5.34
Arjun,5.85
Kriti,5.7
Pooja,5.66
Priya,5.03
Sara,5.82
Vivek,5.74
Priya,6.25
Ishaan,5.7
Aisha,5.52
Aditi,5.35
Faizal,6.07
Nikhil,5.98
Ananya,6.07
Ananya,5.88
Ishaan,5.3
Siddharth,6.1
Siddharth,5.67
Aisha,5.48
Aarav,5.95
Sara,5.47
Kriti,6.09
Deepika,6.19
Pooja,5.71
Rahul,5.28
Aisha,5.7
Deepika,5.32
Aarav,6.29
Ishaan,5.83
Karan,6.19
Sneha,5.17
Sneha,5.38
Priya,5.7
Sara,5.17
Abhishek,5.87
Tanvi,5.72
Nikhil,6.14
Sara,5.74
Riya,5.24
Aditi,5.81
Sara,5.3
Deepika,5.71
Tanvi,4.96
Rahul,5.49
Karan,5.77
Tanvi,5.99
Riya,5.62
Arjun,5.43
Aarav,5.07
Arjun,6.19
Riya,5.4
Sara,5.9
Kriti,5.82
Ishaan,6.26
Abhishek,6.02
Priya,5.5
Priya,5.32
Nikhil,5.69
Sara,5.23
Harshit,5.54
Ananya,5.28
Faizal,5.4
Sara,5.37
Pooja,5.32
Arjun,5.39
Abhishek,5.42
Siddharth,5.34
Aditi,5.88
Aisha,5.52
Siddharth,5.58
Aisha,5.73
Kriti,5.57
Aisha,5.92
Sneha,5.31
Mohammed,5.23
Karan,5.49
Priya,5.54
Karan,5.5
Priya,5.2
Priya,6.02
Pooja,5.57
Neha,6.05
Ishaan,5.5
Neha,5.4
Siddharth,5.83
Mohammed,6.17
Sara,5.62
Harshit,5.42
Neha,5.22
Karan,5.78
Aisha,5.67
Ananya,5.58
Aisha,5.4
Kriti,5.23
Sara,5.63
Nikhil,5.12
Neha,6.17
Kriti,5.65
Aditi,5.83
Neha,6.13
Aisha,5.19
Ishaan,5.59
Arjun,5.39
Priya,5.76
Ishaan,5.41
Ananya,5.7
Aditi,5.86
Priya,6.27
Ananya,5.31
Harshit,6.03
Kriti,6.07
Abhishek,6.06
Nikhil,5.03
Tanvi,5.29
Deepika,5.16
Sara,6.09
Sneha,5.88
Rahul,5.57
Sneha,5.73
Arjun,5.22
Abhishek,5.97
Aisha,6
Priya,5.64
Nikhil,5.71
Harshit,5.71
Rahul,5.23
Priya,5.1
Rahul,5.71
Arjun,5.09
Mohammed,5.87
Kriti,5.79
Sneha,5.43
Aisha,5.65
Aisha,5.22
Arjun,5.77
Faizal,5.71
Faizal,5.94
Siddharth,5.78
Mohammed,5.88
Ishaan,5.52
Neha,5.63
Siddharth,6.09
Aarav,5.74
Rahul,5.62
Pooja,5.09
Aditi,5.8
Abhishek,5.21
Sara,5.82
Tanvi,5.58
Priya,5.5
Rahul,5.17
Vivek,5.73
Aisha,5.65
Abhishek,5.52
Aditi,5.61
Aditi,5.49
Rahul,5.56
Pooja,6.33
Ishaan,5.59
Vivek,5.65
Kriti,5.42
Riya,5.89
Rahul,5.37
Pooja,5.53
Aarav,5.69
Faizal,5.24
Ishaan,5.63
Faizal,5.54
Priya,5.88
Mohammed,5.64
Sara,6.19
Aisha,6.02
Faizal,5.75
Ishaan,5.98
Aditi,5.87
Faizal,5.79
Nikhil,5.6
Neha,5.98
Sara,5.68
Arjun,4.95
Harshit,5.43
Abhishek,5.93
Pooja,5.81
Karan,5.71
Sneha,5.6
Aisha,6.42
Faizal,5.8
Nikhil,5.32
Aisha,6.08
Aditi,5.53
Ananya,5.36
Riya,5.53
Mohammed,5.85
Neha,5.11
Priya,5.69
Sneha,5.66
Karan,5.65
Abhishek,5.13
Rahul,5.28
Mohammed,5.34
Tanvi,5.46
Tanvi,5.31
Neha,5.71
Abhishek,5.93
Tanvi,6.19
Ananya,5.8
Neha,5.79
Arjun,5.45
Sneha,5.27
Abhishek,5.63
Vivek,5.82
Aarav,5.72
Riya,5.54
Sara,5.57
Kriti,5.88
Karan,5.19
Mohammed,5.34
Pooja,5.48
Pooja,4.99
Aditi,5.15
Siddharth,5.44
Deepika,5.46
Sneha,5.29
Aditi,5.8
Siddharth,4.67
Priya,5.52
Vivek,5.25
Ananya,5.09
Karan,5.57
Deepika,5.89
Vivek,5.74
Riya,5.08
Siddharth,5.4
Ishaan,6.03
Karan,6.33
Nikhil,6.27
Harshit,5.88
Sneha,5.12
Ananya,6.02
Kriti,5.54
Tanvi,5.68
Neha,5.69
Rahul,5.53
Priya,5.67
Mohammed,5.93
Abhishek,5.73
Harshit,4.98
Sara,5.79
Vivek,4.92
Tanvi,6.24
Faizal,5.47
Aditi,5.55
Aisha,5.95
Harshit,6.35
Rahul,5.66
Faizal,5.63
Karan,5.9
Faizal,5.49
Neha,5.56
Aisha,5.32
Riya,5.43
Vivek,5.85
Priya,5.37
Deepika,5.74
Sneha,5.74
Arjun,5.49
Nikhil,6.04
Nikhil,5.98
Deepika,5.5
Deepika,5.27
Rahul,5.69
Arjun,5.77
Rahul,5.3
Siddharth,5.24
Siddharth,6.2
Ananya,6.02
Vivek,6.06
Faizal,5.85
Harshit,5.31
Karan,5.88
Pooja,5.44
Tanvi,5.2
Harshit,5.88
Tanvi,4.97
Riya,5.13
Kriti,5.69
Priya,5.94
Pooja,6.15
Pooja,5.91
Faizal,5.9
Sneha,5.65
Tanvi,5.88
Harshit,5.79
Sara,5.78
Ananya,4.92
Harshit,5.6
Priya,5.51
Nikhil,6.03
Ananya,5.66
Arjun,5.62
Kriti,5.84
Abhishek,5.38
Kriti,5.37
Aarav,5.92
Karan,5.82
Faizal,5.07
Mohammed,5.69
Aditi,6.14
Pooja,5.24
Tanvi,5.47
Deepika,5.51
Mohammed,5.99
Aditi,6.06
Riya,5.27
Abhishek,5.57
Aarav,5.26
Vivek,6.01
Sara,5.25
Arjun,6.26
Ananya,5.26
Sara,5.82
Siddharth,5.75
Kriti,5.6
Pooja,6.23
Aarav,5.99
Rahul,5.93
Sneha,5.27
Vivek,5.84
Siddharth,4.96
Ishaan,5.27
Tanvi,6.07
Abhishek,5.67
Nikhil,6.32
Riya,5.28
Aditi,5.43
Tanvi,5.33
Vivek,5.69
Pooja,5.87
Tanvi,5.54
Siddharth,5.97
Vivek,6.08
Aisha,5.85
Arjun,5.57
Neha,5.4
Harshit,5.26
Ananya,5.13
Vivek,6.21
Vivek,5.83
Kriti,5.87
Deepika,5.35
Rahul,5.38
Sneha,5.39
Aarav,5.42
Rahul,6.2
Sara,6.07
Karan,5.87
Deepika,5.18
Mohammed,5.22
Ishaan,5.73
Ananya,5.81
Rahul,5.35
Sara,5.65
Mohammed,5.67
Ananya,5.7
Deepika,5.18
Sara,5.07
Karan,5.98
Deepika,5.74
Siddharth,5.32
Harshit,5.12
Ananya,5.18
Siddharth,5.76
Deepika,5.5
Siddharth,5.46
Aisha,5.69
Ananya,6
Siddharth,5.38
Sara,5.34
Deepika,5.11
Kriti,5.51
Ishaan,5.93
Sara,5.42
Sneha,5.62
Rahul,5.78
Aditi,5.76
Tanvi,6
Siddharth,5.51
Faizal,5.66
Nikhil,5.79
Neha,5.31
Neha,6.14
Neha,5.46
Sara,5.66
Faizal,5.68
Rahul,4.92
Kriti,5.63
Sneha,5.58
Sara,5.24
Aditi,6.09
Aisha,6.04
Aarav,6.14
Mohammed,5.05
Tanvi,5.16
Aisha,6.24
Priya,5.68
Ishaan,6.06
Ananya,5.4
Riya,5.49
Aisha,5.95
Nikhil,6.1
Aarav,5.91
Neha,5.47
Sneha,5.95
Aditi,5.39
Arjun,5.28
Ananya,5.26
Tanvi,5.49
Karan,5.21
Aisha,5.83
Karan,6.16
Riya,5.25
Mohammed,5.93
Arjun,5.22
Pooja,5.47
Sara,6.1
Vivek,5.81
Neha,5.57
Sara,5.96
Ananya,5.58
Ananya,5.43
Sneha,6.13
Nikhil,5.53
Siddharth,5.84
Kriti,6.14
Faizal,5.18
Pooja,5.37
Harshit,5.16
Aditi,5.1
Karan,5.81
Pooja,5.87
Arjun,5.69
Sara,6.25
Priya,5.92
Tanvi,5
Neha,5.66
Arjun,5.9
Riya,5.54
Siddharth,5.98
Nikhil,5.96
Aditi,5.85
Arjun,5.08
Ananya,5.44
Riya,5.44
Mohammed,5.14
Aarav,5.55
Karan,6.03
Sneha,5.13
Rahul,6.12
Mohammed,5.67
Kriti,5.85
Ishaan,6
Sara,5.5
Faizal,5.32
Harshit,5.86
Aditi,6.21
Aditi,6.03
Sneha,6.07
Pooja,5.59
Vivek,5.18
Deepika,5.57
Pooja,5.8
Aarav,5.76
Pooja,5.83
Aisha,5.47
Ishaan,5.75
Pooja,5.71
Ishaan,5.33
Aarav,5.61
Rahul,5.51
Faizal,5.77
Deepika,6.44
Abhishek,5.65
Nikhil,5.28
Vivek,5.85
Ishaan,5.81
Abhishek,5.57
Mohammed,5.69
Harshit,5.16
Aisha,5.21
Siddharth,5.53
Priya,5.95
Sara,5.5
Riya,5.75
Ananya,5.64
Harshit,5.23
Sneha,5.35
Siddharth,5.2
Abhishek,5.57
Pooja,5.89
Arjun,5.28
Faizal,5.4
Ananya,5.04
Pooja,6.06
Priya,5.3
Siddharth,5.28
Kriti,5.53
Vivek,5.23
Vivek,5.6
Harshit,5.89
Faizal,5.36
Faizal,5.09
Ananya,5.61
Ananya,5.52
Vivek,5.44
Aditi,5.57
Nikhil,5.6
Faizal,5.46
Karan,5.3
Ananya,5.82
Aditi,5.6
Riya,5.9
Sara,6.29
Sara,5.23
Neha,5.95
Aisha,5.06
Sara,5.11
Aisha,5.68
Karan,5.6
Ananya,5.37
Siddharth,5.17
Karan,6.01
Priya,5.38
Siddharth,5.17
Rahul,5.58
Sneha,5.18
Priya,6.21
Ishaan,5.99
Ananya,5.5
Ananya,5.27
Rahul,5.87
Vivek,5.35
Neha,5.82
Riya,4.95
Sneha,5.51
Priya,5.12
Karan,5.57
Aarav,5.46
Vivek,5.63
Kriti,4.9
Aditi,5.81
Ishaan,5.73
Vivek,5.16
Neha,5.52
Priya,5.62
Mohammed,5.72
Aisha,5.05
Mohammed,5.41
Siddharth,5.38
Harshit,5.62
Aditi,5.31
Riya,5.09
Rahul,5.19
Ishaan,5.93
Ananya,5.49
Riya,5.4
Vivek,5.9
Ishaan,5.3
Kriti,5.9
Pooja,5.02
Siddharth,5.18
Priya,5.23
Sneha,5.86
Arjun,5.4
Arjun,5.79
Ishaan,5.34
Neha,5.52
Aditi,5.27
Faizal,6.02
Tanvi,5.93
Ishaan,5.41
Arjun,5.63
Arjun,4.99
Sneha,5.27
Sara,6.04
Deepika,5.52
Ananya,5.78
Siddharth,5.98
Tanvi,6.18
Harshit,5.2
Rahul,5.68
Faizal,5.83
Aditi,5.4
Aarav,5.57
Mohammed,5.7
Riya,5.82
Ishaan,5.34
Sara,6.01
Kriti,5.56
Kriti,5.51
Ishaan,6.19
Aditi,5.91
Neha,5.68
Vivek,5.89
Nikhil,5.15
Faizal,5.7
Aarav,5.35
Sarah,5.32
Linda,6.02
David,5.91
Susan,5.85
James,5.9
James,5.77
Jennifer,6.12
Richard,5.13
William,5.59
Emily,6.01
James,5.69
Emily,5.15
Sophia,5.59
Emily,5.7
Richard,5.76
Jennifer,5.17
Linda,5.72
Emily,5.19
Maria,5.9
Maria,5.64
John,5.38
Joseph,5.43
Susan,6.05
James,6.09
Sarah,5.89
Michael,5.13
John,5.27
David,5.89
Susan,5.4
David,5.5
Maria,5.12
Michael,5.46
Maria,5.57
Susan,5.37
Emily,5.11
James,4.95
Michael,5.49
Susan,5.15
Maria,6.03
Linda,5.42
Maria,5.32
Jennifer,5.6
Jennifer,5.58
Joseph,5.57
Robert,5.33
Sophia,5.1
Jessica,5.55
Richard,5.32
Joseph,5.65
John,5.98
Richard,5.59
Sarah,6.09
Emily,5.13
Maria,5.91
Linda,5.28
Joseph,5.7
Susan,5.06
Emily,5.59
Sarah,5.15
Richard,5.09
David,6.05
Richard,5.86
Maria,5.43
Michael,6.17
James,5.68
Michael,5.59
Linda,5.87
Michael,5.74
Susan,5.12
Susan,5.54
Robert,5.84
Linda,5.21
Joseph,5.13
Jennifer,5.35
Emily,5.71
Maria,5.16
Sophia,4.97
Richard,5.42
Jessica,5.24
Sarah,5.69
John,5.93
Susan,6.33
William,5.25
John,6.12
Jennifer,5.17
Jennifer,5.86
Sophia,5.19
William,6.63
William,6.14
Joseph,4.79
William,5.39
Susan,5.65
James,5.55
William,6.01
Sophia,5.93
Michael,5.98
Jessica,6.13
David,5.8
Linda,5.73
Jennifer,5.49
David,5.22
Jessica,5.89
Robert,5.01
Maria,5.79
Sophia,5.41
Linda,5.71
Joseph,5.82
Jennifer,5.57
Jessica,5.59
Michael,5.25
Linda,5.55
Richard,5.36
Richard,5.51
Emily,5.92
Susan,5.45
Robert,6.04
Sarah,5.76
Susan,5.46
Richard,5.31
Robert,6
Joseph,5.64
Jennifer,5.85
Richard,5.54
Jennifer,5.34
Maria,5.62
Joseph,5.28
Sophia,5.7
Linda,5.39
Jennifer,5.04
Linda,5.78
David,5.99
Sophia,6.05
William,5.79
David,5.5
Susan,5.75
Michael,5.59
Jennifer,6.22
Michael,5.81
Joseph,5.07
Maria,5.2
David,5.61
Susan,5.27
Sarah,5.7
Maria,5.14
Maria,5
William,5.86
Jennifer,5.72
Sophia,5.71
Jessica,5.15
Michael,5.7
Richard,5.68
David,6.1
Michael,5.74
Emily,6.04
Joseph,5.74
Susan,5.31
John,5.86
Jessica,5.68
Michael,5.63
Sophia,6.13
Maria,5.67
Sophia,5.74
Jennifer,5.08
Linda,6.02
Sarah,5.75
Michael,5.39
James,5.57
Jennifer,5.24
Emily,5.94
Robert,5.02
Emily,5.76
Jessica,5.24
Robert,5.08
Jessica,6.04
Susan,5.43
Susan,5.78
David,5.49
Richard,5.84
Joseph,5.43
David,5.94
Linda,5.2
William,5.55
Sophia,5.79
William,5.82
Jennifer,6.05
David,5.44
Emily,5.22
David,5.29
Joseph,5.55
James,5.85
Michael,5.65
Robert,5.41
James,5.92
Maria,5.84
Emily,5.79
Maria,6.09
Michael,5.77
Richard,5.97
David,5.9
Linda,5.96
Susan,5.23
William,5.06
Jessica,5.94
Jennifer,5.72
Sarah,6.36
Joseph,5.24
William,5.68
Jennifer,5.4
Richard,5.69
William,5.6
Richard,5.38
William,5.01
William,5.73
Michael,5.53
Jennifer,6.1
James,4.83
Jessica,5.91
Jennifer,5.39
James,5.22
William,5.73
Robert,5.98
Jennifer,5.52
Robert,5.35
David,5.46
Emily,6.05
Joseph,5.33
David,5.8
Sophia,5.61
Emily,5.62
David,5.86
Richard,5.27
Susan,5.02
Linda,5.89
Sophia,5.63
Sarah,5.24
Robert,5.01
Maria,5.44
Sophia,5.9
Jessica,5.97
Linda,5.74
Joseph,5.12
Sarah,6.25
Linda,5.35
Sarah,5.95
Maria,5.17
Jessica,5.4
Joseph,5.33
Jennifer,5.85
John,6.03
Michael,5.67
Jennifer,5.33
Sophia,5.75
James,5.71
Maria,6.44
Robert,5.22
James,5.83
Sarah,5.5
Sophia,5.66
Sophia,5.79
Sophia,6.12
Maria,5.7
David,5.66
Joseph,5.18
James,5.35
Jennifer,5.65
Sarah,5.15
Maria,5.75
Jennifer,6.15
Maria,5.96
James,5.95
Linda,5.38
Michael,5.46
David,5.27
Jennifer,6.03
Richard,5.31
Richard,5.7
Robert,6.11
Maria,5.34
Maria,6.18
Michael,5.28
David,5.86
Susan,5.82
John,5.83
Michael,5.63
Sarah,5.79
William,5.67
David,5.39
Susan,5.46
William,5.51
James,5.67
Robert,5.83
Richard,5.33
Emily,5.88
Sophia,5.97
Jessica,5.46
Susan,5.51
Sarah,5.85
Susan,6.12
Michael,5.81
David,5.41
